countryCode,currencyCode,currencyName,currencySymbol
AF,AFN,Afghan afghani,؋
AX,EUR,Euro,€
AL,ALL,Albanian lek,L
DZ,DZD,Algerian dinar,د.ج
AS,USD,United State Dollar,$
AD,EUR,Euro,€
AO,AOA,Angolan kwanza,Kz
AI,XCD,East Caribbean dollar,$
AQ,AUD,Australian dollar,$
AQ,GBP,British pound,£
AG,XCD,East Caribbean dollar,$
AR,ARS,Argentine peso,$
AM,AMD,Armenian dram,
AW,AWG,Aruban florin,ƒ
AU,AUD,Australian dollar,$
AT,EUR,Euro,€
AZ,AZN,Azerbaijani manat,
BS,BSD,Bahamian dollar,$
BH,BHD,Bahraini dinar,.د.ب
BD,BDT,Bangladeshi taka,৳
BB,BBD,Barbadian dollar,$
BY,BYN,New Belarusian ruble,Br
BY,BYR,Old Belarusian ruble,Br
BE,EUR,Euro,€
BZ,BZD,Belize dollar,$
BJ,XOF,West African CFA franc,Fr
BM,BMD,Bermudian dollar,$
BT,BTN,Bhutanese ngultrum,Nu.
BT,INR,Indian rupee,₹
BO,BOB,Bolivian boliviano,Bs.
BQ,USD,United States dollar,$
BA,BAM,Bosnia and Herzegovina convertible mark,
BW,BWP,Botswana pula,P
BV,NOK,Norwegian krone,kr
BR,BRL,Brazilian real,R$
IO,USD,United States dollar,$
UM,USD,United States Dollar,$
VG,,[D],$
VG,USD,United States dollar,$
VI,USD,United States dollar,$
BN,BND,Brunei dollar,$
BN,SGD,Singapore dollar,$
BG,BGN,Bulgarian lev,лв
BF,XOF,West African CFA franc,Fr
BI,BIF,Burundian franc,Fr
KH,KHR,Cambodian riel,៛
KH,USD,United States dollar,$
CM,XAF,Central African CFA franc,Fr
CA,CAD,Canadian dollar,$
CV,CVE,Cape Verdean escudo,Esc
KY,KYD,Cayman Islands dollar,$
CF,XAF,Central African CFA franc,Fr
TD,XAF,Central African CFA franc,Fr
CL,CLP,Chilean peso,$
CN,CNY,Chinese yuan,¥
CX,AUD,Australian dollar,$
CC,AUD,Australian dollar,$
CO,COP,Colombian peso,$
KM,KMF,Comorian franc,Fr
CG,XAF,Central African CFA franc,Fr
CD,CDF,Congolese franc,Fr
CK,NZD,New Zealand dollar,$
CK,CKD,Cook Islands dollar,$
CR,CRC,Costa Rican colón,₡
HR,HRK,Croatian kuna,kn
CU,CUC,Cuban convertible peso,$
CU,CUP,Cuban peso,$
CW,ANG,Netherlands Antillean guilder,ƒ
CY,EUR,Euro,€
CZ,CZK,Czech koruna,Kč
DK,DKK,Danish krone,kr
DJ,DJF,Djiboutian franc,Fr
DM,XCD,East Caribbean dollar,$
DO,DOP,Dominican peso,$
EC,USD,United States dollar,$
EG,EGP,Egyptian pound,£
SV,USD,United States dollar,$
GQ,XAF,Central African CFA franc,Fr
ER,ERN,Eritrean nakfa,Nfk
EE,EUR,Euro,€
ET,ETB,Ethiopian birr,Br
FK,FKP,Falkland Islands pound,£
FO,DKK,Danish krone,kr
FJ,FJD,Fijian dollar,$
FI,EUR,Euro,€
FR,EUR,Euro,€
GF,EUR,Euro,€
PF,XPF,CFP franc,Fr
TF,EUR,Euro,€
GA,XAF,Central African CFA franc,Fr
GM,GMD,Gambian dalasi,D
GE,GEL,Georgian Lari,ლ
DE,EUR,Euro,€
GH,GHS,Ghanaian cedi,₵
GI,GIP,Gibraltar pound,£
GR,EUR,Euro,€
GL,DKK,Danish krone,kr
GD,XCD,East Caribbean dollar,$
GP,EUR,Euro,€
GU,USD,United States dollar,$
GT,GTQ,Guatemalan quetzal,Q
GG,GBP,British pound,£
GN,GNF,Guinean franc,Fr
GW,XOF,West African CFA franc,Fr
GY,GYD,Guyanese dollar,$
HT,HTG,Haitian gourde,G
HM,AUD,Australian dollar,$
VA,EUR,Euro,€
HN,HNL,Honduran lempira,L
HK,HKD,Hong Kong dollar,$
HU,HUF,Hungarian forint,Ft
IS,ISK,Icelandic króna,kr
IN,INR,Indian rupee,₹
ID,IDR,Indonesian rupiah,Rp
CI,XOF,West African CFA franc,Fr
IR,IRR,Iranian rial,﷼
IQ,IQD,Iraqi dinar,ع.د
IE,EUR,Euro,€
IM,GBP,British pound,£
IM,IMP[G],Manx pound,£
IL,ILS,Israeli new shekel,₪
IT,EUR,Euro,€
JM,JMD,Jamaican dollar,$
JP,JPY,Japanese yen,¥
JE,GBP,British pound,£
JE,JEP[G],Jersey pound,£
JO,JOD,Jordanian dinar,د.ا
KZ,KZT,Kazakhstani tenge,
KE,KES,Kenyan shilling,Sh
KI,AUD,Australian dollar,$
KW,KWD,Kuwaiti dinar,د.ك
KG,KGS,Kyrgyzstani som,с
LA,LAK,Lao kip,₭
LV,EUR,Euro,€
LB,LBP,Lebanese pound,ل.ل
LS,LSL,Lesotho loti,L
LS,ZAR,South African rand,R
LR,LRD,Liberian dollar,$
LY,LYD,Libyan dinar,ل.د
LI,CHF,Swiss franc,Fr
LT,EUR,Euro,€
LU,EUR,Euro,€
MO,MOP,Macanese pataca,P
MK,MKD,Macedonian denar,ден
MG,MGA,Malagasy ariary,Ar
MW,MWK,Malawian kwacha,MK
MY,MYR,Malaysian ringgit,RM
MV,MVR,Maldivian rufiyaa,.ރ
ML,XOF,West African CFA franc,Fr
MT,EUR,Euro,€
MH,USD,United States dollar,$
MQ,EUR,Euro,€
MR,MRO,Mauritanian ouguiya,UM
MU,MUR,Mauritian rupee,₨
YT,EUR,Euro,€
MX,MXN,Mexican peso,$
FM,,[D],$
FM,USD,United States dollar,$
MD,MDL,Moldovan leu,L
MC,EUR,Euro,€
MN,MNT,Mongolian tögrög,₮
ME,EUR,Euro,€
MS,XCD,East Caribbean dollar,$
MA,MAD,Moroccan dirham,د.م.
MZ,MZN,Mozambican metical,MT
MM,MMK,Burmese kyat,Ks
NA,NAD,Namibian dollar,$
NA,ZAR,South African rand,R
NR,AUD,Australian dollar,$
NP,NPR,Nepalese rupee,₨
NL,EUR,Euro,€
NC,XPF,CFP franc,Fr
NZ,NZD,New Zealand dollar,$
NI,NIO,Nicaraguan córdoba,C$
NE,XOF,West African CFA franc,Fr
NG,NGN,Nigerian naira,₦
NU,NZD,New Zealand dollar,$
NF,AUD,Australian dollar,$
KP,KPW,North Korean won,₩
MP,USD,United States dollar,$
NO,NOK,Norwegian krone,kr
OM,OMR,Omani rial,ر.ع.
PK,PKR,Pakistani rupee,₨
PW,USD,United States dollar,$
PS,ILS,Israeli new sheqel,₪
PA,PAB,Panamanian balboa,B/.
PA,USD,United States dollar,$
PG,PGK,Papua New Guinean kina,K
PY,PYG,Paraguayan guaraní,₲
PE,PEN,Peruvian sol,S/.
PH,PHP,Philippine peso,₱
PN,NZD,New Zealand dollar,$
PN,,Pitcairn Islands dollar,$
PL,PLN,Polish złoty,zł
PT,EUR,Euro,€
PR,USD,United States dollar,$
QA,QAR,Qatari riyal,ر.ق
XK,EUR,Euro,€
RE,EUR,Euro,€
RO,RON,Romanian leu,lei
RU,RUB,Russian ruble,₽
RW,RWF,Rwandan franc,Fr
BL,EUR,Euro,€
SH,SHP,Saint Helena pound,£
KN,XCD,East Caribbean dollar,$
LC,XCD,East Caribbean dollar,$
MF,EUR,Euro,€
PM,EUR,Euro,€
VC,XCD,East Caribbean dollar,$
WS,WST,Samoan tālā,T
SM,EUR,Euro,€
ST,STD,São Tomé and Príncipe dobra,Db
SA,SAR,Saudi riyal,ر.س
SN,XOF,West African CFA franc,Fr
RS,RSD,Serbian dinar,дин.
SC,SCR,Seychellois rupee,₨
SL,SLL,Sierra Leonean leone,Le
SG,BND,Brunei dollar,$
SG,SGD,Singapore dollar,$
SX,ANG,Netherlands Antillean guilder,ƒ
SK,EUR,Euro,€
SI,EUR,Euro,€
SB,SBD,Solomon Islands dollar,$
SO,SOS,Somali shilling,Sh
ZA,ZAR,South African rand,R
GS,GBP,British pound,£
KR,KRW,South Korean won,₩
SS,SSP,South Sudanese pound,£
ES,EUR,Euro,€
LK,LKR,Sri Lankan rupee,Rs
SD,SDG,Sudanese pound,ج.س.
SR,SRD,Surinamese dollar,$
SJ,NOK,Norwegian krone,kr
SZ,SZL,Swazi lilangeni,L
SE,SEK,Swedish krona,kr
CH,CHF,Swiss franc,Fr
SY,SYP,Syrian pound,£
TW,TWD,New Taiwan dollar,$
TJ,TJS,Tajikistani somoni,ЅМ
TZ,TZS,Tanzanian shilling,Sh
TH,THB,Thai baht,฿
TL,USD,United States dollar,$
TL,,,
TG,XOF,West African CFA franc,Fr
TK,NZD,New Zealand dollar,$
TO,TOP,Tongan paʻanga,T$
TT,TTD,Trinidad and Tobago dollar,$
TN,TND,Tunisian dinar,د.ت
TR,TRY,Turkish lira,
TM,TMT,Turkmenistan manat,m
TC,USD,United States dollar,$
TV,AUD,Australian dollar,$
TV,TVD[G],Tuvaluan dollar,$
UG,UGX,Ugandan shilling,Sh
UA,UAH,Ukrainian hryvnia,₴
AE,AED,United Arab Emirates dirham,د.إ
GB,GBP,British pound,£
US,USD,United States dollar,$
UY,UYU,Uruguayan peso,$
UZ,UZS,Uzbekistani so'm,
VU,VUV,Vanuatu vatu,Vt
VE,VEF,Venezuelan bolívar,Bs F
VN,VND,Vietnamese đồng,₫
WF,XPF,CFP franc,Fr
EH,MAD,Moroccan dirham,د.م.
EH,DZD,Algerian dinar,د.ج
YE,YER,Yemeni rial,﷼
ZM,ZMW,Zambian kwacha,ZK
ZW,BWP,Botswana pula,P
ZW,GBP,British pound,£
ZW,CNY,Chinese yuan,¥
ZW,EUR,Euro,€
ZW,INR,Indian rupee,₹
ZW,JPY,Japanese yen,¥
ZW,ZAR,South African rand,Rs
ZW,USD,United States dollar,$
