countryCode,infrastructureValue,cpiRentIndex,cpiIndex,groceriesIndex,purchasingPowerIndex,restaurantIndex,rentIndex,safetyIndex,crimeIndex,countryName,population,countrySizeKmSq,urbanSizeKmSq,ruralSizeKmSq,forestSizeSqKm,flagLink
AL,4.3,22.7,36.2,28.6,33.8,29.3,8.2,59.7,40.3,Albania,2866376,27400.0,1689.4,26686.7,7705.4,https://restcountries.eu/data/alb.svg
AE,6.2,48.9,56.2,43.2,119.6,53.9,41.0,83.7,16.3,United Arab Emirates,9630959,71020.0,8568.2,70575.1,3236.6,https://restcountries.eu/data/are.svg
AR,3.3,21.8,33.1,26.3,55.0,32.5,9.5,37.4,62.6,Argentina,44494502,2736690.0,55032.2,2690269.5,268152.0,https://restcountries.eu/data/arg.svg
AM,4.3,21.7,32.5,25.8,33.1,32.5,9.9,78.0,22.0,Armenia,2951776,28470.0,0.0,0.0,3322.0,https://restcountries.eu/data/arm.svg
AU,4.7,54.5,72.1,66.9,122.9,70.7,35.5,57.2,42.8,Australia,24992369,7692020.0,36745.7,7641564.5,1250590.0,https://restcountries.eu/data/aus.svg
AT,5.9,50.6,71.8,65.6,96.7,70.1,27.6,78.6,21.4,Austria,8847037,82523.0,0.0,0.0,38708.0,https://restcountries.eu/data/aut.svg
AZ,5.0,19.3,29.1,24.1,32.0,30.7,8.7,68.3,31.7,Azerbaijan,9942334,82670.0,0.0,0.0,11656.2,https://restcountries.eu/data/aze.svg
BE,4.9,50.3,73.0,60.9,95.1,83.4,25.8,57.5,42.5,Belgium,11422068,30280.0,12349.2,18091.9,6838.4,https://restcountries.eu/data/bel.svg
BD,2.9,19.2,31.8,29.5,39.8,19.0,5.4,34.2,65.8,Bangladesh,161356039,130170.0,11125.4,123889.6,14264.0,https://restcountries.eu/data/bgd.svg
BG,3.9,23.7,37.2,31.1,52.2,29.9,9.2,60.0,40.0,Bulgaria,7024216,108560.0,6678.9,103838.0,38402.0,https://restcountries.eu/data/bgr.svg
BH,5.2,43.7,56.7,51.2,74.6,52.2,29.6,67.1,32.9,Bahrain,1569439,778.0,549.3,115.1,6.1,https://restcountries.eu/data/bhr.svg
BA,3.4,21.6,35.7,28.8,49.2,23.8,6.3,56.2,43.8,Bosnia and Herzegovina,3323929,51200.0,1723.1,49338.4,21850.0,https://restcountries.eu/data/bih.svg
BO,3.0,23.1,34.4,26.9,44.0,28.0,10.9,46.7,53.3,Bolivia,11353142,1083300.0,0.0,0.0,544750.0,https://restcountries.eu/data/bol.svg
BR,3.1,27.7,42.8,31.3,37.4,34.8,11.5,29.8,70.2,Brazil,209469333,8358140.0,134981.4,8241430.0,4925540.0,https://restcountries.eu/data/bra.svg
CA,5.2,47.4,65.0,62.4,109.4,61.8,28.3,60.5,39.5,Canada,37058856,9093510.0,126511.2,9084045.0,3470224.1,https://restcountries.eu/data/can.svg
CH,6.6,87.1,121.2,120.8,129.7,123.1,50.2,78.5,21.5,Switzerland,8516543,39516.0,7898.1,30190.1,12578.0,https://restcountries.eu/data/che.svg
CL,4.7,32.1,47.7,40.5,54.1,45.1,15.2,53.2,46.8,Chile,18729160,743532.0,12027.5,709418.8,180358.0,https://restcountries.eu/data/chl.svg
CN,4.5,28.7,39.2,39.9,69.0,28.2,17.4,54.5,45.5,China,1392730000,9388210.0,380679.3,8868577.0,2098635.0,https://restcountries.eu/data/chn.svg
CO,3.1,20.1,30.1,24.3,34.7,22.5,9.2,48.7,51.3,Colombia,49648685,1109500.0,36132.1,1090598.1,584750.2,https://restcountries.eu/data/col.svg
CR,3.1,33.9,50.9,47.9,47.1,42.6,15.5,43.9,56.1,Costa Rica,4999441,51060.0,4051.6,46480.0,27862.0,https://restcountries.eu/data/cri.svg
CY,4.7,38.6,55.6,44.3,75.3,59.8,20.2,70.7,29.3,Cyprus,1189265,9240.0,2280.4,6949.8,1726.7,https://restcountries.eu/data/cyp.svg
CZ,4.6,32.2,45.1,38.1,71.3,33.2,18.3,73.3,26.7,Czech Republic,10625695,77220.0,0.0,0.0,26690.0,https://restcountries.eu/data/cze.svg
DE,5.7,48.0,67.6,54.3,116.2,63.6,26.8,65.5,34.5,Germany,82927922,349360.0,62374.2,291859.2,114210.0,https://restcountries.eu/data/deu.svg
DK,5.8,58.1,81.4,63.6,114.4,95.1,32.9,75.8,24.2,Denmark,5797446,41990.0,9295.2,33044.1,6172.2,https://restcountries.eu/data/dnk.svg
DO,3.6,28.3,44.9,35.7,26.0,42.4,10.2,38.6,61.4,Dominican Republic,10627165,48310.0,5089.4,42784.2,20162.0,https://restcountries.eu/data/dom.svg
DZ,3.5,18.5,30.6,32.0,32.9,16.4,5.5,51.7,48.3,Algeria,42228429,2381740.0,30195.8,2285675.8,19636.0,https://restcountries.eu/data/dza.svg
EC,4.5,27.4,42.0,37.9,40.8,29.4,11.6,51.0,49.0,Ecuador,17084357,248360.0,10905.7,244458.2,124691.5,https://restcountries.eu/data/ecu.svg
EG,4.0,16.2,26.5,23.2,23.7,22.3,5.0,49.3,50.7,"Egypt, Arab Rep.",98423595,995450.0,24270.2,951268.9,736.0,https://restcountries.eu/data/egy.svg
ES,5.5,38.4,54.7,44.0,83.8,54.1,20.7,67.5,32.5,Spain,46723749,499564.0,69794.6,432138.3,184520.0,https://restcountries.eu/data/esp.svg
EE,5.4,33.9,51.0,37.1,76.0,51.2,15.4,79.2,20.8,Estonia,1320884,43470.0,2614.7,40498.6,22316.0,https://restcountries.eu/data/est.svg
FI,6.1,50.4,72.8,60.0,112.3,77.9,26.1,77.2,22.8,Finland,5518050,303910.0,20052.2,289666.3,222180.0,https://restcountries.eu/data/fin.svg
FR,6.1,51.5,74.9,68.3,91.6,75.4,26.2,53.6,46.4,France,66987244,547557.0,86463.1,457993.6,171020.0,https://restcountries.eu/data/fra.svg
GB,5.0,47.7,65.3,51.9,105.7,72.4,28.6,57.3,42.7,United Kingdom,66488991,241930.0,58698.8,183648.9,31610.0,https://restcountries.eu/data/gbr.svg
GE,3.9,19.1,28.8,23.4,33.2,27.1,8.5,80.1,19.9,Georgia,3731000,69490.0,3602.8,64912.7,28224.0,https://restcountries.eu/data/geo.svg
GH,3.7,41.7,51.1,44.8,18.7,31.7,31.6,48.1,51.9,Ghana,29767108,227540.0,6239.4,224697.5,93654.0,https://restcountries.eu/data/gha.svg
GR,4.3,34.6,56.7,43.7,49.6,54.8,10.8,61.4,38.6,Greece,10727668,128900.0,18519.2,112653.6,40842.0,https://restcountries.eu/data/grc.svg
GT,3.4,28.4,41.7,38.0,41.8,32.3,13.9,44.1,55.9,Guatemala,17247807,107160.0,4132.4,103568.3,35036.0,https://restcountries.eu/data/gtm.svg
HK,6.4,77.5,78.1,80.3,69.3,56.1,76.8,80.7,19.3,"Hong Kong SAR, China",7451000,1050.0,901.5,231.2,0.0,https://restcountries.eu/data/hkg.svg
HN,3.6,27.1,42.1,33.6,35.2,31.5,10.8,23.2,76.8,Honduras,9587522,111890.0,3702.4,108150.6,44720.0,https://restcountries.eu/data/hnd.svg
HR,4.7,31.1,49.2,40.3,60.3,40.4,11.6,75.3,24.7,Croatia,4089400,55960.0,5302.8,51019.6,19224.0,https://restcountries.eu/data/hrv.svg
HU,4.5,28.4,42.0,32.4,54.7,33.4,13.6,64.8,35.2,Hungary,9768785,90530.0,0.0,0.0,20736.0,https://restcountries.eu/data/hun.svg
ID,4.1,22.9,36.2,38.1,33.0,18.0,8.4,54.0,46.0,Indonesia,267663435,1811570.0,42076.8,1838682.6,903256.0,https://restcountries.eu/data/idn.svg
IN,4.6,15.4,24.2,24.2,66.9,17.2,5.8,57.3,42.7,India,1352617328,2973190.0,222688.2,2980489.2,708604.0,https://restcountries.eu/data/ind.svg
IE,4.4,59.2,75.3,59.1,95.1,82.6,41.8,55.5,44.5,Ireland,4853506,68890.0,5638.4,63249.2,7597.0,https://restcountries.eu/data/irl.svg
IR,4.0,26.7,35.8,32.6,37.7,26.9,16.9,50.7,49.3,"Iran, Islamic Rep.",81800269,1628760.0,69242.8,1545056.1,106919.8,https://restcountries.eu/data/irn.svg
IS,5.6,76.1,101.9,92.1,91.8,111.8,48.3,76.7,23.3,Iceland,353574,100250.0,1023.8,88593.2,505.0,https://restcountries.eu/data/isl.svg
IL,4.9,52.7,74.3,61.9,92.5,80.8,29.4,67.8,32.2,Israel,8883800,21640.0,6399.0,15621.8,1672.0,https://restcountries.eu/data/isr.svg
IT,4.3,46.4,69.2,58.3,77.5,75.7,21.7,55.0,45.0,Italy,60431283,294140.0,73540.9,223236.4,93508.0,https://restcountries.eu/data/ita.svg
JM,4.2,37.6,58.8,58.8,34.7,42.3,14.7,34.7,65.3,Jamaica,2934855,10830.0,3000.6,8015.4,3348.2,https://restcountries.eu/data/jam.svg
JO,4.2,34.3,55.0,44.4,41.7,52.3,11.9,56.2,43.8,Jordan,9956011,88780.0,3384.0,86229.2,975.0,https://restcountries.eu/data/jor.svg
JP,6.2,56.7,83.3,83.6,103.1,48.8,28.0,86.3,13.7,Japan,126529100,364560.0,108678.2,260649.6,249564.0,https://restcountries.eu/data/jpn.svg
KZ,3.9,20.2,29.8,23.8,38.8,29.8,9.8,33.5,66.5,Kazakhstan,18276499,2699700.0,0.0,0.0,33090.0,https://restcountries.eu/data/kaz.svg
KE,4.3,24.7,38.2,33.2,32.5,31.2,10.0,45.2,54.8,Kenya,51393010,569140.0,4187.6,576333.8,44496.0,https://restcountries.eu/data/ken.svg
KH,3.4,31.3,46.8,44.2,12.5,24.4,14.4,48.7,51.3,Cambodia,16249798,176520.0,1152.1,176298.2,93296.0,https://restcountries.eu/data/khm.svg
KR,5.7,50.7,76.9,89.7,103.4,44.8,22.2,66.0,34.0,"Korea, Rep.",51635256,97489.0,21922.0,77155.3,61764.0,https://restcountries.eu/data/kor.svg
KW,4.1,42.6,51.5,39.9,102.0,47.3,32.9,66.1,33.9,Kuwait,4137309,17820.0,3942.3,13422.9,62.5,https://restcountries.eu/data/kwt.svg
LB,2.3,43.1,58.1,43.3,54.0,56.8,26.9,55.7,44.3,Lebanon,6848925,10230.0,2317.4,8082.0,1373.8,https://restcountries.eu/data/lbn.svg
LK,3.9,19.4,30.2,33.6,27.3,17.4,7.6,59.0,41.0,Sri Lanka,21670000,62710.0,4016.1,61106.8,20634.0,https://restcountries.eu/data/lka.svg
LT,4.9,30.1,45.9,35.4,60.3,43.9,12.9,63.5,36.5,Lithuania,2789533,62642.0,4610.9,59360.1,21820.0,https://restcountries.eu/data/ltu.svg
LU,5.6,71.5,86.1,75.1,106.3,96.1,55.6,70.9,29.1,Luxembourg,607728,2430.0,801.1,1782.8,867.0,https://restcountries.eu/data/lux.svg
LV,4.3,31.4,49.2,36.7,55.2,45.5,12.0,63.2,36.8,Latvia,1926542,62180.0,3278.5,60137.2,33564.0,https://restcountries.eu/data/lva.svg
MA,4.7,22.2,34.0,29.9,41.4,23.9,9.5,49.8,50.2,Morocco,36029138,446300.0,12057.4,659759.4,56240.0,https://restcountries.eu/data/mar.svg
MD,3.3,20.6,32.3,25.0,30.7,27.7,8.0,54.6,45.4,Moldova,3545883,32890.0,2607.5,31217.2,4136.0,https://restcountries.eu/data/mda.svg
MX,4.1,21.8,32.7,30.3,50.0,30.2,10.1,47.7,52.3,Mexico,126190788,1943950.0,102418.1,1831423.5,659484.0,https://restcountries.eu/data/mex.svg
MK,4.1,19.5,31.6,24.8,39.8,23.7,6.5,60.7,39.3,North Macedonia,2082958,25220.0,2667.4,21962.6,9980.0,https://restcountries.eu/data/mkd.svg
MT,4.2,46.7,63.3,51.2,59.7,67.3,28.7,66.5,33.5,Malta,483530,320.0,293.3,30.6,3.5,https://restcountries.eu/data/mlt.svg
ME,3.6,25.4,39.6,30.8,46.3,34.2,9.9,59.5,40.5,Montenegro,622345,13450.0,0.0,0.0,8270.0,https://restcountries.eu/data/mne.svg
MU,4.5,32.8,52.4,47.9,39.8,39.1,11.5,53.2,46.8,Mauritius,1265303,2030.0,1276.0,727.7,386.4,https://restcountries.eu/data/mus.svg
MY,5.3,25.7,39.4,39.7,73.1,22.7,10.9,39.2,60.8,Malaysia,31528585,328550.0,15565.0,312833.0,222092.0,https://restcountries.eu/data/mys.svg
,4.6,30.8,43.2,39.9,63.6,38.6,17.5,31.3,68.7,Namibia,2448255,823290.0,2467.8,822303.1,68448.0,https://restcountries.eu/data/nam.svg
NG,2.3,30.2,31.2,31.8,15.1,19.2,29.0,35.6,64.4,Nigeria,195874740,910770.0,17196.2,880103.3,65834.0,https://restcountries.eu/data/nga.svg
NL,6.2,55.6,74.8,58.8,102.5,83.5,34.7,71.4,28.6,Netherlands,17231017,33690.0,12803.0,21411.9,3766.0,https://restcountries.eu/data/nld.svg
NO,5.2,70.4,101.0,92.7,103.6,111.5,37.3,64.7,35.3,Norway,5314336,365123.0,20282.2,292187.8,121140.0,https://restcountries.eu/data/nor.svg
NP,2.9,17.6,29.6,25.4,26.3,19.7,4.6,63.6,36.4,Nepal,28087871,143350.0,0.0,0.0,36360.0,https://restcountries.eu/data/npl.svg
NZ,4.8,52.9,72.6,65.7,101.1,68.8,31.6,60.4,39.6,New Zealand,4885500,263310.0,8116.3,253834.7,101522.0,https://restcountries.eu/data/nzl.svg
OM,4.9,33.6,46.2,40.0,88.5,44.4,19.9,77.2,22.8,Oman,4829483,309500.0,5651.4,307667.5,20.0,https://restcountries.eu/data/omn.svg
PK,3.8,12.8,20.4,18.2,38.6,15.4,4.5,53.3,46.7,Pakistan,212215030,770880.0,35871.9,751709.5,14290.0,https://restcountries.eu/data/pak.svg
PA,4.7,38.6,51.4,48.2,41.3,47.1,24.6,53.6,46.4,Panama,4176873,74340.0,2892.1,71714.3,46006.0,https://restcountries.eu/data/pan.svg
PE,3.1,25.1,37.2,32.7,37.5,23.7,12.0,34.7,65.3,Peru,31989256,1280000.0,16425.8,1256339.9,738054.0,https://restcountries.eu/data/per.svg
PH,3.0,22.1,35.1,32.6,29.5,19.7,8.1,59.2,40.8,Philippines,106651922,298170.0,10817.4,282759.1,82800.0,https://restcountries.eu/data/phl.svg
PL,4.2,27.5,39.1,30.7,70.0,32.7,14.9,69.9,30.1,Poland,37978548,306190.0,30501.3,277840.5,94562.0,https://restcountries.eu/data/pol.svg
PT,5.7,36.3,50.4,40.2,55.2,43.1,21.1,67.9,32.1,Portugal,10281762,91605.6,12764.7,78286.9,31706.0,https://restcountries.eu/data/prt.svg
QA,5.2,53.1,59.1,47.7,138.3,61.9,46.6,86.7,13.3,Qatar,2781677,11610.0,1495.1,9779.2,0.0,https://restcountries.eu/data/qat.svg
RO,3.3,23.7,36.5,29.9,61.2,32.3,10.0,72.2,27.8,Romania,19473936,230080.0,15594.8,219047.9,69302.0,https://restcountries.eu/data/rou.svg
RU,4.0,24.5,35.5,29.2,45.4,37.0,12.7,58.1,41.9,Russian Federation,144478050,16376870.0,187538.1,16305829.3,8148895.0,https://restcountries.eu/data/rus.svg
SA,4.9,30.2,47.6,39.1,118.6,30.9,11.4,70.3,29.7,Saudi Arabia,33699947,2149690.0,41223.7,1912311.9,9770.0,https://restcountries.eu/data/sau.svg
SG,6.4,61.8,69.8,57.5,103.8,46.7,53.1,78.5,21.5,Singapore,5638676,709.0,565.6,103.6,163.5,https://restcountries.eu/data/sgp.svg
SV,3.3,30.8,46.1,45.6,30.1,35.5,14.2,31.9,68.1,El Salvador,6420744,20720.0,3598.3,16350.0,2606.0,https://restcountries.eu/data/slv.svg
RS,3.5,22.3,35.4,26.3,39.9,27.8,8.1,62.7,37.3,Serbia,6982084,87460.0,0.0,0.0,27214.0,https://restcountries.eu/data/srb.svg
SK,4.2,31.1,45.0,38.5,63.2,33.6,16.1,70.5,29.5,Slovak Republic,5447011,48080.0,0.0,0.0,19402.0,https://restcountries.eu/data/svk.svg
SI,4.6,34.7,52.5,43.3,75.4,43.8,15.4,77.4,22.6,Slovenia,2067372,20142.0,2509.2,17680.9,12482.0,https://restcountries.eu/data/svn.svg
SE,5.6,49.7,71.6,63.5,111.4,75.0,26.0,50.7,49.3,Sweden,10183175,407310.0,31152.3,390507.3,280730.0,https://restcountries.eu/data/swe.svg
TH,4.1,33.2,47.5,50.0,40.9,24.6,17.7,53.3,46.7,Thailand,69428524,510890.0,36597.0,474183.4,164290.0,https://restcountries.eu/data/tha.svg
TT,4.3,35.3,52.1,50.0,57.0,46.0,17.1,26.0,74.0,Trinidad and Tobago,1389858,5130.0,2286.7,2879.3,2361.0,https://restcountries.eu/data/tto.svg
TN,3.7,14.7,23.7,22.3,38.0,13.3,5.0,57.7,42.3,Tunisia,11565204,155360.0,9897.9,144635.9,10512.0,https://restcountries.eu/data/tun.svg
TR,5.0,21.8,35.2,30.4,45.3,23.7,7.2,59.6,40.4,Turkey,82319724,769630.0,44090.2,723511.5,118174.0,https://restcountries.eu/data/tur.svg
TZ,3.6,25.8,34.7,28.6,22.7,25.2,16.0,41.0,59.0,Tanzania,56318348,885800.0,3405.8,886549.6,456880.0,https://restcountries.eu/data/tza.svg
UG,3.3,19.8,30.3,26.1,22.7,21.9,8.5,46.7,53.3,Uganda,42723139,200520.0,0.0,0.0,19418.0,https://restcountries.eu/data/uga.svg
UA,3.6,19.1,27.9,22.5,32.7,22.1,9.5,51.1,48.9,Ukraine,44622516,579290.0,32160.2,553950.9,96788.0,https://restcountries.eu/data/ukr.svg
UY,3.6,37.6,57.3,45.1,47.8,56.3,16.2,48.0,52.0,Uruguay,3449299,175020.0,4689.7,168731.9,18677.4,https://restcountries.eu/data/ury.svg
US,5.9,55.1,69.9,67.4,122.0,69.3,39.0,52.9,47.1,United States,327167434,9147420.0,802053.6,8549545.5,3103700.0,https://restcountries.eu/data/usa.svg
VE,2.5,16.2,25.7,27.6,3.7,22.0,5.9,16.8,83.2,"Venezuela, RB",28870195,882050.0,34403.9,868222.8,465186.0,https://restcountries.eu/data/ven.svg
VN,3.6,25.9,37.7,37.9,33.3,18.9,13.1,51.2,48.8,Vietnam,95540395,310070.0,7589.0,318130.1,149020.0,https://restcountries.eu/data/vnm.svg
ZA,4.1,30.0,42.5,33.9,83.0,40.8,16.5,23.2,76.8,South Africa,57779622,1213090.0,53460.3,53460.3,92410.0,https://restcountries.eu/data/zaf.svg
ZW,2.9,32.4,51.6,45.7,27.7,36.8,11.7,48.2,51.8,Zimbabwe,14439018,386850.0,0.0,0.0,137496.0,https://restcountries.eu/data/zwe.svg
